xmin,ymin,xmax,ymax,confidence,class,name
547.1497192382812,2.120361328125,953.6085205078125,473.50872802734375,0.6118658781051636,0,person
499.4275817871094,122.29508972167969,611.1582641601562,195.2164764404297,0.380525141954422,62,tv
125.63240051269531,236.71856689453125,420.4068908691406,543.22705078125,0.34368976950645447,62,tv
0.0,194.4927520751953,167.4312286376953,564.5833129882812,0.3078133165836334,62,tv
125.1644058227539,238.03028869628906,421.2312927246094,536.6912841796875,0.2747589349746704,63,laptop
