xmin,ymin,xmax,ymax,confidence,class,name
559.4611206054688,1.8917999267578125,953.2051391601562,467.26220703125,0.6969962120056152,0,person
498.2978515625,123.98453521728516,603.9138793945312,198.03622436523438,0.4324924945831299,62,tv
124.17137145996094,237.27081298828125,423.7083740234375,537.301025390625,0.3545868992805481,63,laptop
124.57356262207031,236.5692596435547,423.77960205078125,542.53662109375,0.3055930435657501,62,tv
0.0,193.55831909179688,169.78030395507812,568.9976806640625,0.30390915274620056,62,tv
