xmin,ymin,xmax,ymax,confidence,class,name
566.6197509765625,0.0,954.990478515625,478.0811462402344,0.7634003162384033,0,person
123.77809143066406,236.97702026367188,424.962890625,534.4622192382812,0.5095471143722534,63,laptop
0.21613311767578125,194.3143768310547,170.8322296142578,564.958984375,0.29781538248062134,62,tv
