xmin,ymin,xmax,ymax,confidence,class,name
558.0769653320312,3.4684524536132812,947.8687133789062,474.4874267578125,0.8164451122283936,0,person
123.83643341064453,237.29147338867188,422.343017578125,535.6642456054688,0.343969464302063,63,laptop
124.41126251220703,236.24588012695312,422.7732238769531,540.303466796875,0.3380075693130493,62,tv
0.30560302734375,192.44219970703125,171.36557006835938,561.2205810546875,0.32167914509773254,62,tv
