xmin,ymin,xmax,ymax,confidence,class,name
360.3061218261719,5.9477691650390625,960.0,720.0,0.2767671048641205,0,person
