xmin,ymin,xmax,ymax,confidence,class,name
572.1830444335938,0.0,955.8236083984375,465.7657470703125,0.6922246813774109,0,person
0.14145469665527344,194.7015380859375,174.29595947265625,560.7991943359375,0.35716769099235535,62,tv
123.43650817871094,236.60458374023438,422.6084289550781,544.8340454101562,0.34333813190460205,62,tv
122.46822357177734,237.8466033935547,423.0909423828125,539.4012451171875,0.2699696719646454,63,laptop
